country_name,country_code,year,male,female,level
Africa Eastern and Southern,AFE,2000,83.3678512573242,74.1068725585938,primary
Africa Western and Central,AFW,2000,89.5402526855469,71.4281768798828,primary
Arab World,ARB,2000,93.2574615478516,82.6585006713867,primary
Australia,AUS,2000,101.746597290039,101.411880493164,primary
East Asia & Pacific,EAS,2000,110.146797180176,110.308181762695,primary
European Union,EUU,2000,103.935676574707,102.599060058594,primary
High income,HIC,2000,103.613380432129,102.505058288574,primary
Latin America & Caribbean,LCN,2000,117.201438903809,114.087532043457,primary
Low income,LIC,2000,77.0344772338867,60.9345588684082,primary
Lower middle income,LMC,2000,100.187171936035,87.0682373046875,primary
North America,NAC,2000,101.301910400391,99.8882522583008,primary
South Asia,SAS,2000,105.863059997559,90.7817611694336,primary
Upper middle income,UMC,2000,112.053230285645,110.765243530273,primary
Africa Eastern and Southern,AFE,2001,86.1019592285156,76.817268371582,primary
Africa Western and Central,AFW,2001,89.5624771118164,72.4831008911133,primary
Arab World,ARB,2001,93.3185272216797,83.6286315917969,primary
Australia,AUS,2001,101.519828796387,101.354629516602,primary
East Asia & Pacific,EAS,2001,110.649879455566,111.222671508789,primary
European Union,EUU,2001,104.012962341309,103.047073364258,primary
High income,HIC,2001,103.529006958008,102.964057922363,primary
Latin America & Caribbean,LCN,2001,116.273826599121,113.437812805176,primary
Low income,LIC,2001,79.8940734863281,63.7413215637207,primary
Lower middle income,LMC,2001,98.9542083740234,86.8249969482422,primary
North America,NAC,2001,100.366630554199,100.077743530273,primary
South Asia,SAS,2001,103.536903381348,89.8244705200195,primary
Upper middle income,UMC,2001,112.602813720703,111.77774810791,primary
Africa Eastern and Southern,AFE,2002,88.7648468017578,79.0013275146484,primary
Africa Western and Central,AFW,2002,91.3788375854492,74.1047286987305,primary
Arab World,ARB,2002,93.9094390869141,84.8486633300781,primary
Australia,AUS,2002,102.667877197266,102.393867492676,primary
East Asia & Pacific,EAS,2002,109.242149353027,109.70955657959,primary
European Union,EUU,2002,103.822967529297,102.630760192871,primary
High income,HIC,2002,103.47386932373,103.245590209961,primary
Latin America & Caribbean,LCN,2002,116.195343017578,113.424621582031,primary
Low income,LIC,2002,84.79443359375,68.1012802124023,primary
Lower middle income,LMC,2002,99.4898910522461,88.1046600341797,primary
North America,NAC,2002,99.4455413818359,100.252616882324,primary
South Asia,SAS,2002,103.367172241211,91.4004211425781,primary
Upper middle income,UMC,2002,111.656936645508,110.849739074707,primary
Africa Eastern and Southern,AFE,2003,92.3664398193359,82.6263275146484,primary
Africa Western and Central,AFW,2003,91.6851425170898,75.2953186035156,primary
Arab World,ARB,2003,94.443977355957,85.9767913818359,primary
Australia,AUS,2003,102.965950012207,102.737510681152,primary
East Asia & Pacific,EAS,2003,107.832626342773,108.323722839355,primary
European Union,EUU,2003,103.673362731934,102.587249755859,primary
High income,HIC,2003,103.965087890625,103.647216796875,primary
Latin America & Caribbean,LCN,2003,115.166839599609,112.426338195801,primary
Low income,LIC,2003,87.9103622436523,71.5147094726562,primary
Lower middle income,LMC,2003,101.504577636719,94.9951782226562,primary
North America,NAC,2003,100.393829345703,100.53507232666,primary
South Asia,SAS,2003,106.175071716309,103.012718200684,primary
Upper middle income,UMC,2003,110.149116516113,109.32991027832,primary
Africa Eastern and Southern,AFE,2004,94.1967620849609,85.0080413818359,primary
Africa Western and Central,AFW,2004,93.3617935180664,77.389030456543,primary
Arab World,ARB,2004,94.4863433837891,86.3581695556641,primary
Australia,AUS,2004,103.428977966309,103.168251037598,primary
East Asia & Pacific,EAS,2004,106.506790161133,107.229118347168,primary
European Union,EUU,2004,103.544227600098,102.465507507324,primary
High income,HIC,2004,104.006568908691,103.48316192627,primary
Latin America & Caribbean,LCN,2004,115.497138977051,112.550193786621,primary
Low income,LIC,2004,90.9798583984375,73.628288269043,primary
Lower middle income,LMC,2004,102.932960510254,96.6157836914062,primary
North America,NAC,2004,101.347076416016,100.813980102539,primary
South Asia,SAS,2004,107.548789978027,104.827087402344,primary
Upper middle income,UMC,2004,109.010040283203,108.483413696289,primary
Africa Eastern and Southern,AFE,2005,97.1745223999023,88.5643615722656,primary
Africa Western and Central,AFW,2005,93.9539413452148,78.62255859375,primary
Arab World,ARB,2005,94.0869827270508,86.1738128662109,primary
Australia,AUS,2005,103.613677978516,103.170623779297,primary
East Asia & Pacific,EAS,2005,105.085670471191,105.498176574707,primary
European Union,EUU,2005,104.071113586426,102.943672180176,primary
High income,HIC,2005,103.038726806641,102.413528442383,primary
Latin America & Caribbean,LCN,2005,114.960998535156,111.835609436035,primary
Low income,LIC,2005,92.5205383300781,77.8632888793945,primary
Lower middle income,LMC,2005,103.907707214355,98.0027236938477,primary
North America,NAC,2005,102.101379394531,101.035682678223,primary
South Asia,SAS,2005,108.992553710938,106.614097595215,primary
Upper middle income,UMC,2005,107.892181396484,107.018737792969,primary
Africa Eastern and Southern,AFE,2006,99.1968688964844,91.4014282226562,primary
Africa Western and Central,AFW,2006,94.0319366455078,80.0140228271484,primary
Arab World,ARB,2006,95.4195404052734,87.4204788208008,primary
Australia,AUS,2006,103.784690856934,103.328758239746,primary
East Asia & Pacific,EAS,2006,104.409080505371,104.717170715332,primary
European Union,EUU,2006,103.874443054199,102.802177429199,primary
High income,HIC,2006,103.054847717285,103.040657043457,primary
Latin America & Caribbean,LCN,2006,110.84635925293,107.803619384766,primary
Low income,LIC,2006,94.6586303710938,81.1647033691406,primary
Lower middle income,LMC,2006,104.235382080078,98.9972915649414,primary
North America,NAC,2006,101.66667175293,102.319259643555,primary
South Asia,SAS,2006,110.713470458984,108.712730407715,primary
Upper middle income,UMC,2006,106.388442993164,105.385902404785,primary
Africa Eastern and Southern,AFE,2007,102.355903625488,94.5530624389648,primary
Africa Western and Central,AFW,2007,90.2734909057617,78.3549194335938,primary
Arab World,ARB,2007,95.0440521240234,87.2020721435547,primary
Australia,AUS,2007,105.696357727051,105.135383605957,primary
East Asia & Pacific,EAS,2007,105.040061950684,105.105827331543,primary
European Union,EUU,2007,103.586730957031,102.549911499023,primary
High income,HIC,2007,102.980590820312,102.887321472168,primary
Latin America & Caribbean,LCN,2007,114.627769470215,111.310752868652,primary
Low income,LIC,2007,96.9198608398438,83.6303634643555,primary
Lower middle income,LMC,2007,104.480430603027,99.971809387207,primary
North America,NAC,2007,102.218772888184,102.672836303711,primary
South Asia,SAS,2007,111.899429321289,110.277618408203,primary
Upper middle income,UMC,2007,107.951080322266,106.796142578125,primary
Africa Eastern and Southern,AFE,2008,105.863906860352,98.3871002197266,primary
Africa Western and Central,AFW,2008,87.4185104370117,76.4313812255859,primary
Arab World,ARB,2008,95.0170593261719,87.7240295410156,primary
Australia,AUS,2008,105.521751403809,104.953300476074,primary
East Asia & Pacific,EAS,2008,105.305358886719,105.452972412109,primary
European Union,EUU,2008,103.228469848633,102.136787414551,primary
High income,HIC,2008,103.233428955078,103.000961303711,primary
Latin America & Caribbean,LCN,2008,114.093650817871,110.787452697754,primary
Low income,LIC,2008,100.931510925293,88.4281234741211,primary
Lower middle income,LMC,2008,103.182159423828,100.101623535156,primary
North America,NAC,2008,102.753692626953,102.929977416992,primary
South Asia,SAS,2008,110.68009185791,111.527122497559,primary
Upper middle income,UMC,2008,107.936576843262,106.85343170166,primary
Africa Eastern and Southern,AFE,2009,104.935249328613,98.4381637573242,primary
Africa Western and Central,AFW,2009,88.8881912231445,78.4203033447266,primary
Arab World,ARB,2009,94.7975921630859,87.7877197265625,primary
Australia,AUS,2009,105.480667114258,104.936752319336,primary
East Asia & Pacific,EAS,2009,105.39315032959,105.258842468262,primary
European Union,EUU,2009,102.731651306152,101.830116271973,primary
High income,HIC,2009,102.851821899414,102.743797302246,primary
Latin America & Caribbean,LCN,2009,114.118270874023,110.74259185791,primary
Low income,LIC,2009,100.946258544922,89.7226028442383,primary
Lower middle income,LMC,2009,102.507118225098,100.103073120117,primary
North America,NAC,2009,101.805603027344,102.190856933594,primary
South Asia,SAS,2009,109.56339263916,111.493598937988,primary
Upper middle income,UMC,2009,107.926040649414,106.656478881836,primary
Africa Eastern and Southern,AFE,2010,104.07836151123,97.8992309570312,primary
Africa Western and Central,AFW,2010,89.1337890625,79.7003021240234,primary
Arab World,ARB,2010,94.9847564697266,88.2430114746094,primary
Australia,AUS,2010,105.76335144043,105.199279785156,primary
East Asia & Pacific,EAS,2010,104.625343322754,105.148918151855,primary
European Union,EUU,2010,102.361656188965,101.547950744629,primary
High income,HIC,2010,102.554862976074,102.498870849609,primary
Latin America & Caribbean,LCN,2010,113.007751464844,109.746353149414,primary
Low income,LIC,2010,100.461067199707,89.966667175293,primary
Lower middle income,LMC,2010,102.865699768066,100.407402038574,primary
North America,NAC,2010,101.261520385742,101.394348144531,primary
South Asia,SAS,2010,109.839698791504,111.635032653809,primary
Upper middle income,UMC,2010,106.825408935547,106.186683654785,primary
Africa Eastern and Southern,AFE,2011,104.747787475586,97.1828231811523,primary
Africa Western and Central,AFW,2011,91.7974090576172,83.7380523681641,primary
Arab World,ARB,2011,94.3305892944336,87.1210403442383,primary
Australia,AUS,2011,105.483627319336,105.054992675781,primary
East Asia & Pacific,EAS,2011,104.760368347168,105.276351928711,primary
European Union,EUU,2011,102.06037902832,101.434921264648,primary
High income,HIC,2011,102.272598266602,102.182670593262,primary
Latin America & Caribbean,LCN,2011,112.0732421875,108.963569641113,primary
Low income,LIC,2011,100.444648742676,90.3164978027344,primary
Lower middle income,LMC,2011,102.956161499023,100.239608764648,primary
North America,NAC,2011,100.733329772949,100.56037902832,primary
South Asia,SAS,2011,109.279220581055,110.736312866211,primary
Upper middle income,UMC,2011,106.557258605957,105.968086242676,primary
Africa Eastern and Southern,AFE,2012,104.623512268066,97.8210601806641,primary
Africa Western and Central,AFW,2012,92.3349533081055,86.4632720947266,primary
Arab World,ARB,2012,95.217887878418,88.9285430908203,primary
Australia,AUS,2012,105.847038269043,105.482597351074,primary
East Asia & Pacific,EAS,2012,105.107368469238,105.2080078125,primary
European Union,EUU,2012,101.853157043457,101.407096862793,primary
High income,HIC,2012,102.234512329102,102.158172607422,primary
Latin America & Caribbean,LCN,2012,110.809478759766,107.937049865723,primary
Low income,LIC,2012,101.117492675781,91.4996185302734,primary
Lower middle income,LMC,2012,103.798782348633,102.03246307373,primary
North America,NAC,2012,100.320579528809,99.8515014648438,primary
South Asia,SAS,2012,111.017311096191,112.880928039551,primary
Upper middle income,UMC,2012,106.336448669434,105.289192199707,primary
Africa Eastern and Southern,AFE,2013,103.379051208496,97.6475296020508,primary
Africa Western and Central,AFW,2013,93.351676940918,87.7490921020508,primary
Arab World,ARB,2013,91.5713119506836,85.6685028076172,primary
Australia,AUS,2013,105.96508026123,105.631080627441,primary
East Asia & Pacific,EAS,2013,104.502311706543,104.752647399902,primary
European Union,EUU,2013,102.30948638916,102.169746398926,primary
High income,HIC,2013,101.11750793457,101.041496276855,primary
Latin America & Caribbean,LCN,2013,111.644371032715,108.787773132324,primary
Low income,LIC,2013,100.169929504395,91.1188888549805,primary
Lower middle income,LMC,2013,102.60871887207,104.381172180176,primary
North America,NAC,2013,99.8180694580078,99.0651397705078,primary
South Asia,SAS,2013,109.091049194336,118.245338439941,primary
Upper middle income,UMC,2013,106.451179504395,105.834381103516,primary
Africa Eastern and Southern,AFE,2014,103.519523620605,98.3120574951172,primary
Africa Western and Central,AFW,2014,91.5471572875977,86.623908996582,primary
Arab World,ARB,2014,90.3999481201172,85.0300674438477,primary
Australia,AUS,2014,105.602493286133,105.31275177002,primary
East Asia & Pacific,EAS,2014,101.740730285645,101.899658203125,primary
European Union,EUU,2014,101.634437561035,101.492279052734,primary
High income,HIC,2014,100.667938232422,100.707969665527,primary
Latin America & Caribbean,LCN,2014,110.76065826416,107.92903137207,primary
Low income,LIC,2014,100.847763061523,91.998420715332,primary
Lower middle income,LMC,2014,101.40274810791,103.165817260742,primary
North America,NAC,2014,99.8163681030273,99.4989166259766,primary
South Asia,SAS,2014,107.539199829102,116.499183654785,primary
Upper middle income,UMC,2014,103.598579406738,102.985580444336,primary
Africa Eastern and Southern,AFE,2015,101.695373535156,97.6766204833984,primary
Africa Western and Central,AFW,2015,89.569938659668,84.5517883300781,primary
Arab World,ARB,2015,90.3381729125977,84.9579010009766,primary
Australia,AUS,2015,101.709098815918,101.619422912598,primary
East Asia & Pacific,EAS,2015,101.095222473145,100.989723205566,primary
European Union,EUU,2015,101.486022949219,101.330268859863,primary
High income,HIC,2015,100.790496826172,100.891983032227,primary
Latin America & Caribbean,LCN,2015,109.505928039551,107.070121765137,primary
Low income,LIC,2015,98.8886337280273,91.2220306396484,primary
Lower middle income,LMC,2015,100.954330444336,102.98560333252,primary
North America,NAC,2015,100.298439025879,100.225479125977,primary
South Asia,SAS,2015,108.312271118164,117.874382019043,primary
Upper middle income,UMC,2015,102.79125213623,101.936988830566,primary
Africa Eastern and Southern,AFE,2016,102.173400878906,98.4886779785156,primary
Africa Western and Central,AFW,2016,89.6603698730469,83.6496429443359,primary
Arab World,ARB,2016,90.2205505371094,85.4079132080078,primary
Australia,AUS,2016,101.226402282715,101.132469177246,primary
East Asia & Pacific,EAS,2016,100.851448059082,100.871597290039,primary
European Union,EUU,2016,101.072052001953,101.003837585449,primary
High income,HIC,2016,100.846496582031,101.026878356934,primary
Latin America & Caribbean,LCN,2016,108.681587219238,106.516616821289,primary
Low income,LIC,2016,99.9617767333984,92.3920211791992,primary
Lower middle income,LMC,2016,102.612678527832,106.377449035645,primary
North America,NAC,2016,101.247512817383,100.98323059082,primary
South Asia,SAS,2016,111.530349731445,125.894309997559,primary
Upper middle income,UMC,2016,102.299247741699,101.767227172852,primary
Africa Eastern and Southern,AFE,2017,103.185272216797,99.2469177246094,primary
Africa Western and Central,AFW,2017,89.3093109130859,84.1819534301758,primary
Arab World,ARB,2017,90.5882568359375,85.8488311767578,primary
Australia,AUS,2017,100.60986328125,100.666999816895,primary
East Asia & Pacific,EAS,2017,100.671051025391,100.631492614746,primary
European Union,EUU,2017,101.689682006836,101.178741455078,primary
High income,HIC,2017,101.550148010254,101.284523010254,primary
Latin America & Caribbean,LCN,2017,107.916458129883,106.149368286133,primary
Low income,LIC,2017,100.924896240234,93.1690673828125,primary
Lower middle income,LMC,2017,101.851348876953,105.176918029785,primary
North America,NAC,2017,101.932579040527,101.12825012207,primary
South Asia,SAS,2017,110.663162231445,123.896423339844,primary
Upper middle income,UMC,2017,101.892807006836,101.476226806641,primary
Africa Eastern and Southern,AFE,2018,104.823997497559,100.397392272949,primary
Africa Western and Central,AFW,2018,88.7229919433594,84.5205307006836,primary
Arab World,ARB,2018,91.0492935180664,86.3674774169922,primary
Australia,AUS,2018,100.336578369141,100.464347839355,primary
East Asia & Pacific,EAS,2018,100.213882446289,100.128768920898,primary
European Union,EUU,2018,101.725082397461,101.121589660645,primary
High income,HIC,2018,101.367866516113,101.260261535645,primary
Latin America & Caribbean,LCN,2018,107.42845916748,105.892723083496,primary
Low income,LIC,2018,102.359069824219,94.0854034423828,primary
Lower middle income,LMC,2018,98.0125427246094,96.3152008056641,primary
North America,NAC,2018,101.098213195801,100.943603515625,primary
South Asia,SAS,2018,101.906433105469,103.795127868652,primary
Upper middle income,UMC,2018,101.684776306152,101.31046295166,primary
Africa Eastern and Southern,AFE,2019,105.613983154297,101.581253051758,primary
Africa Western and Central,AFW,2019,89.3064727783203,85.7524185180664,primary
Arab World,ARB,2019,91.1403579711914,86.8806381225586,primary
Australia,AUS,2019,100.128227233887,100.275161743164,primary
East Asia & Pacific,EAS,2019,99.9132995605469,99.8039627075195,primary
European Union,EUU,2019,101.676338195801,101.39330291748,primary
High income,HIC,2019,101.089767456055,101.294212341309,primary
Latin America & Caribbean,LCN,2019,107.310577392578,105.835441589355,primary
Low income,LIC,2019,103.256881713867,95.4121017456055,primary
Lower middle income,LMC,2019,97.5269393920898,96.280158996582,primary
North America,NAC,2019,100.32250213623,100.957489013672,primary
South Asia,SAS,2019,100.665252685547,102.679130554199,primary
Upper middle income,UMC,2019,101.521667480469,101.187477111816,primary
Africa Eastern and Southern,AFE,2020,106.479591369629,102.679443359375,primary
Africa Western and Central,AFW,2020,89.6025772094727,86.6695709228516,primary
Arab World,ARB,2020,91.708251953125,87.4853973388672,primary
Australia,AUS,2020,99.8206787109375,99.9861373901367,primary
East Asia & Pacific,EAS,2020,100.125030517578,99.9909210205078,primary
European Union,EUU,2020,100.913841247559,100.740600585938,primary
High income,HIC,2020,100.854721069336,100.721122741699,primary
Latin America & Caribbean,LCN,2020,106.762519836426,104.964401245117,primary
Low income,LIC,2020,104.184913635254,96.5895919799805,primary
Lower middle income,LMC,2020,98.3144607543945,97.2494964599609,primary
North America,NAC,2020,100.201202392578,99.7670288085938,primary
South Asia,SAS,2020,102.249938964844,104.399757385254,primary
Upper middle income,UMC,2020,101.55835723877,101.090408325195,primary
Africa Eastern and Southern,AFE,2021,104.912391662598,101.799057006836,primary
Africa Western and Central,AFW,2021,89.3786163330078,86.7731704711914,primary
Arab World,ARB,2021,91.5369110107422,87.3852462768555,primary
Australia,AUS,2021,99.7966995239258,100.069267272949,primary
East Asia & Pacific,EAS,2021,100.037750244141,99.922492980957,primary
European Union,EUU,2021,101.500312805176,101.38404083252,primary
High income,HIC,2021,100.190940856934,100.06510925293,primary
Latin America & Caribbean,LCN,2021,105.64380645752,104.497528076172,primary
Low income,LIC,2021,102.886077880859,95.8942565917969,primary
Lower middle income,LMC,2021,98.6480026245117,97.5192489624023,primary
North America,NAC,2021,98.2628021240234,97.7614517211914,primary
South Asia,SAS,2021,103.381729125977,105.254402160645,primary
Upper middle income,UMC,2021,101.136131286621,100.811470031738,primary
Africa Eastern and Southern,AFE,2022,101.695259094238,99.3051300048828,primary
Africa Western and Central,AFW,2022,90.9440765380859,88.0174407958984,primary
Arab World,ARB,2022,90.201042175293,85.915901184082,primary
Australia,AUS,2022,99.0480804443359,99.2228622436523,primary
East Asia & Pacific,EAS,2022,100.238960266113,100.021347045898,primary
European Union,EUU,2022,101.366416931152,101.489318847656,primary
High income,HIC,2022,99.6897735595703,99.5815811157227,primary
Latin America & Caribbean,LCN,2022,105.26683807373,104.782791137695,primary
Low income,LIC,2022,99.7575912475586,93.3848266601562,primary
Lower middle income,LMC,2022,102.000427246094,100.476852416992,primary
North America,NAC,2022,96.7350006103516,96.7899475097656,primary
South Asia,SAS,2022,111.243583679199,112.472457885742,primary
Upper middle income,UMC,2022,101.219276428223,100.967651367188,primary
Africa Eastern and Southern,AFE,2023,101.874801635742,99.8260803222656,primary
Africa Western and Central,AFW,2023,92.4607009887695,89.2489776611328,primary
Arab World,ARB,2023,93.0848388671875,88.9331512451172,primary
Australia,AUS,2023,99.3072128295898,99.4277191162109,primary
East Asia & Pacific,EAS,2023,99.4921417236328,99.4035263061523,primary
European Union,EUU,2023,102.413383483887,102.466819763184,primary
High income,HIC,2023,99.9018020629883,99.5065383911133,primary
Latin America & Caribbean,LCN,2023,104.813507080078,104.413368225098,primary
Low income,LIC,2023,100.042129516602,93.8482666015625,primary
Lower middle income,LMC,2023,103.207939147949,101.773262023926,primary
North America,NAC,2023,97.6152572631836,96.4423217773438,primary
South Asia,SAS,2023,112.526657104492,113.011596679688,primary
Upper middle income,UMC,2023,100.355422973633,100.259407043457,primary
Africa Eastern and Southern,AFE,2000,29.9147891998291,25.5485401153564,secondary
Africa Western and Central,AFW,2000,25.8329792022705,18.7828693389893,secondary
Arab World,ARB,2000,62.0485000610352,56.1960716247559,secondary
Australia,AUS,2000,,,secondary
East Asia & Pacific,EAS,2000,63.2668914794922,60.9457092285156,secondary
European Union,EUU,2000,101.213088989258,101.815292358398,secondary
High income,HIC,2000,97.8954010009766,99.3023223876953,secondary
Latin America & Caribbean,LCN,2000,77.0258331298828,81.7892074584961,secondary
Low income,LIC,2000,28.7555103302002,19.2532196044922,secondary
Lower middle income,LMC,2000,49.1518898010254,39.2242393493652,secondary
North America,NAC,2000,94.0496597290039,95.5698165893555,secondary
South Asia,SAS,2000,53.9573287963867,40.5729293823242,secondary
Upper middle income,UMC,2000,67.7393493652344,66.2597122192383,secondary
Africa Eastern and Southern,AFE,2001,31.2034797668457,26.3633804321289,secondary
Africa Western and Central,AFW,2001,27.6993408203125,20.19407081604,secondary
Arab World,ARB,2001,63.2122497558594,57.5917701721191,secondary
Australia,AUS,2001,,,secondary
East Asia & Pacific,EAS,2001,64.8903121948242,62.8622512817383,secondary
European Union,EUU,2001,102.163070678711,103.150093078613,secondary
High income,HIC,2001,98.4196090698242,99.7302169799805,secondary
Latin America & Caribbean,LCN,2001,78.0848236083984,83.0510101318359,secondary
Low income,LIC,2001,29.8543796539307,19.9996604919434,secondary
Lower middle income,LMC,2001,49.4048614501953,39.7521591186523,secondary
North America,NAC,2001,94.6635284423828,95.1561889648438,secondary
South Asia,SAS,2001,53.6548805236816,40.8564796447754,secondary
Upper middle income,UMC,2001,69.5156097412109,68.3133697509766,secondary
Africa Eastern and Southern,AFE,2002,31.9824695587158,26.9570503234863,secondary
Africa Western and Central,AFW,2002,30.0123596191406,20.6358604431152,secondary
Arab World,ARB,2002,63.5881195068359,58.7111282348633,secondary
Australia,AUS,2002,,,secondary
East Asia & Pacific,EAS,2002,65.4806671142578,63.8230400085449,secondary
European Union,EUU,2002,102.92845916748,103.708229064941,secondary
High income,HIC,2002,98.9757614135742,99.9672012329102,secondary
Latin America & Caribbean,LCN,2002,84.4059371948242,90.0146865844727,secondary
Low income,LIC,2002,30.4471206665039,20.8379898071289,secondary
Lower middle income,LMC,2002,50.6568603515625,41.4319915771484,secondary
North America,NAC,2002,95.3163070678711,94.7082214355469,secondary
South Asia,SAS,2002,55.0567817687988,43.2442016601562,secondary
Upper middle income,UMC,2002,71.3286819458008,70.6292572021484,secondary
Africa Eastern and Southern,AFE,2003,32.7631492614746,27.4211807250977,secondary
Africa Western and Central,AFW,2003,31.5979099273682,22.5834197998047,secondary
Arab World,ARB,2003,64.8697967529297,60.5331802368164,secondary
Australia,AUS,2003,,,secondary
East Asia & Pacific,EAS,2003,66.5983200073242,65.3064880371094,secondary
European Union,EUU,2003,103.375793457031,104.016456604004,secondary
High income,HIC,2003,99.1025772094727,100.244621276855,secondary
Latin America & Caribbean,LCN,2003,81.6343002319336,87.7489395141602,secondary
Low income,LIC,2003,32.1424789428711,22.4006404876709,secondary
Lower middle income,LMC,2003,51.4477081298828,43.9703102111816,secondary
North America,NAC,2003,95.0673599243164,95.5795364379883,secondary
South Asia,SAS,2003,55.9646492004395,46.8258094787598,secondary
Upper middle income,UMC,2003,71.4919128417969,71.2107620239258,secondary
Africa Eastern and Southern,AFE,2004,34.5908699035645,28.4966602325439,secondary
Africa Western and Central,AFW,2004,33.2710914611816,24.1746807098389,secondary
Arab World,ARB,2004,66.1074981689453,61.9100914001465,secondary
Australia,AUS,2004,,,secondary
East Asia & Pacific,EAS,2004,68.6420135498047,68.1626815795898,secondary
European Union,EUU,2004,101.01407623291,101.810302734375,secondary
High income,HIC,2004,97.5397415161133,98.8796234130859,secondary
Latin America & Caribbean,LCN,2004,83.3975677490234,89.4052276611328,secondary
Low income,LIC,2004,33.9013595581055,23.3115005493164,secondary
Lower middle income,LMC,2004,52.8930397033691,45.0138206481934,secondary
North America,NAC,2004,94.8317718505859,96.4445114135742,secondary
South Asia,SAS,2004,57.4509315490723,47.6684112548828,secondary
Upper middle income,UMC,2004,73.2605209350586,73.840202331543,secondary
Africa Eastern and Southern,AFE,2005,35.7283401489258,29.3665599822998,secondary
Africa Western and Central,AFW,2005,33.8232002258301,25.2043399810791,secondary
Arab World,ARB,2005,65.1168594360352,61.6643486022949,secondary
Australia,AUS,2005,,,secondary
East Asia & Pacific,EAS,2005,70.2104263305664,70.5025024414062,secondary
European Union,EUU,2005,102.656112670898,103.165328979492,secondary
High income,HIC,2005,97.9482421875,99.1143112182617,secondary
Latin America & Caribbean,LCN,2005,83.5519638061523,89.802131652832,secondary
Low income,LIC,2005,34.8307991027832,24.3522205352783,secondary
Lower middle income,LMC,2005,53.9127807617188,46.6362800598145,secondary
North America,NAC,2005,94.8664627075195,96.2285079956055,secondary
South Asia,SAS,2005,59.2994194030762,50.1592597961426,secondary
Upper middle income,UMC,2005,74.4177627563477,75.7810897827148,secondary
Africa Eastern and Southern,AFE,2006,37.3952903747559,30.7157497406006,secondary
Africa Western and Central,AFW,2006,34.2423706054688,25.3873996734619,secondary
Arab World,ARB,2006,64.984260559082,61.9617195129395,secondary
Australia,AUS,2006,,,secondary
East Asia & Pacific,EAS,2006,72.6614990234375,73.6256332397461,secondary
European Union,EUU,2006,103.551963806152,103.802017211914,secondary
High income,HIC,2006,98.3464965820312,98.7770233154297,secondary
Latin America & Caribbean,LCN,2006,81.787467956543,88.2992324829102,secondary
Low income,LIC,2006,36.63671875,25.7542400360107,secondary
Lower middle income,LMC,2006,54.6030502319336,47.5838317871094,secondary
North America,NAC,2006,95.5426406860352,94.9494400024414,secondary
South Asia,SAS,2006,59.7690696716309,51.1434783935547,secondary
Upper middle income,UMC,2006,76.2518692016602,78.3796768188477,secondary
Africa Eastern and Southern,AFE,2007,39.0591583251953,31.8105907440186,secondary
Africa Western and Central,AFW,2007,34.7163581848145,25.3766708374023,secondary
Arab World,ARB,2007,63.8065414428711,61.0592498779297,secondary
Australia,AUS,2007,,,secondary
East Asia & Pacific,EAS,2007,75.9831390380859,77.3227996826172,secondary
European Union,EUU,2007,103.537773132324,103.797233581543,secondary
High income,HIC,2007,98.5580596923828,98.8493499755859,secondary
Latin America & Caribbean,LCN,2007,82.8174591064453,89.54833984375,secondary
Low income,LIC,2007,37.3850288391113,26.72825050354,secondary
Lower middle income,LMC,2007,55.810718536377,49.2178916931152,secondary
North America,NAC,2007,95.6971893310547,95.1765670776367,secondary
South Asia,SAS,2007,61.3017196655273,53.7980499267578,secondary
Upper middle income,UMC,2007,79.0480117797852,81.7421188354492,secondary
Africa Eastern and Southern,AFE,2008,40.3244514465332,33.3657188415527,secondary
Africa Western and Central,AFW,2008,36.9593315124512,28.1702404022217,secondary
Arab World,ARB,2008,63.9938201904297,61.1059417724609,secondary
Australia,AUS,2008,,,secondary
East Asia & Pacific,EAS,2008,78.3479080200195,80.100212097168,secondary
European Union,EUU,2008,104.737991333008,104.980712890625,secondary
High income,HIC,2008,99.186882019043,99.3857803344727,secondary
Latin America & Caribbean,LCN,2008,83.8287887573242,90.7860565185547,secondary
Low income,LIC,2008,39.1269912719727,28.4405002593994,secondary
Lower middle income,LMC,2008,57.1602897644043,51.493278503418,secondary
North America,NAC,2008,95.8644332885742,95.4206085205078,secondary
South Asia,SAS,2008,63.1694297790527,57.021728515625,secondary
Upper middle income,UMC,2008,81.4071884155273,84.385009765625,secondary
Africa Eastern and Southern,AFE,2009,41.3559188842773,34.5432586669922,secondary
Africa Western and Central,AFW,2009,39.3696784973145,30.8871803283691,secondary
Arab World,ARB,2009,66.0612869262695,62.877799987793,secondary
Australia,AUS,2009,,,secondary
East Asia & Pacific,EAS,2009,81.9322509765625,84.3223571777344,secondary
European Union,EUU,2009,105.744216918945,105.384651184082,secondary
High income,HIC,2009,100.206321716309,100.540420532227,secondary
Latin America & Caribbean,LCN,2009,84.8180770874023,91.6666488647461,secondary
Low income,LIC,2009,40.3209190368652,29.8598594665527,secondary
Lower middle income,LMC,2009,56.6955909729004,52.3352088928223,secondary
North America,NAC,2009,95.3859634399414,96.4992523193359,secondary
South Asia,SAS,2009,61.9600715637207,57.7675285339355,secondary
Upper middle income,UMC,2009,84.552116394043,87.9890213012695,secondary
Africa Eastern and Southern,AFE,2010,42.081600189209,35.623420715332,secondary
Africa Western and Central,AFW,2010,42.5637512207031,33.9896202087402,secondary
Arab World,ARB,2010,66.491340637207,63.3116188049316,secondary
Australia,AUS,2010,,,secondary
East Asia & Pacific,EAS,2010,84.2464370727539,85.2631530761719,secondary
European Union,EUU,2010,107.265106201172,106.656219482422,secondary
High income,HIC,2010,101.08162689209,101.32447052002,secondary
Latin America & Caribbean,LCN,2010,86.0204162597656,92.5485076904297,secondary
Low income,LIC,2010,41.2363204956055,31.2394199371338,secondary
Lower middle income,LMC,2010,59.184871673584,54.8984184265137,secondary
North America,NAC,2010,95.6637802124023,96.5648193359375,secondary
South Asia,SAS,2010,65.0650787353516,61.3690986633301,secondary
Upper middle income,UMC,2010,86.7414703369141,88.9938888549805,secondary
Africa Eastern and Southern,AFE,2011,42.4351081848145,36.5236701965332,secondary
Africa Western and Central,AFW,2011,44.6402587890625,35.5903816223145,secondary
Arab World,ARB,2011,68.1433868408203,65.2037963867188,secondary
Australia,AUS,2011,,,secondary
East Asia & Pacific,EAS,2011,85.472900390625,86.7125930786133,secondary
European Union,EUU,2011,108.124687194824,107.169059753418,secondary
High income,HIC,2011,101.26065826416,101.351547241211,secondary
Latin America & Caribbean,LCN,2011,86.619270324707,92.8820495605469,secondary
Low income,LIC,2011,41.9028282165527,32.5779609680176,secondary
Lower middle income,LMC,2011,60.8268013000488,56.6165008544922,secondary
North America,NAC,2011,96.0153121948242,96.6986389160156,secondary
South Asia,SAS,2011,66.897331237793,63.5410003662109,secondary
Upper middle income,UMC,2011,88.0680923461914,90.385612487793,secondary
Africa Eastern and Southern,AFE,2012,43.3469886779785,37.6529693603516,secondary
Africa Western and Central,AFW,2012,45.3772811889648,37.8155899047852,secondary
Arab World,ARB,2012,68.7666931152344,65.3947219848633,secondary
Australia,AUS,2012,,,secondary
East Asia & Pacific,EAS,2012,85.7374725341797,87.5260620117188,secondary
European Union,EUU,2012,107.167411804199,106.137130737305,secondary
High income,HIC,2012,101.495407104492,101.291976928711,secondary
Latin America & Caribbean,LCN,2012,86.984001159668,92.7997589111328,secondary
Low income,LIC,2012,42.6383590698242,33.6832504272461,secondary
Lower middle income,LMC,2012,62.5723609924316,58.6043815612793,secondary
North America,NAC,2012,97.0218200683594,97.5537719726562,secondary
South Asia,SAS,2012,69.3172912597656,66.3012619018555,secondary
Upper middle income,UMC,2012,88.1952972412109,90.9012832641602,secondary
Africa Eastern and Southern,AFE,2013,43.6335487365723,38.6157493591309,secondary
Africa Western and Central,AFW,2013,50.2240180969238,42.5206108093262,secondary
Arab World,ARB,2013,67.0570220947266,63.5361595153809,secondary
Australia,AUS,2013,,,secondary
East Asia & Pacific,EAS,2013,86.7014999389648,88.3574523925781,secondary
European Union,EUU,2013,109.180946350098,108.645858764648,secondary
High income,HIC,2013,104.271812438965,104.252471923828,secondary
Latin America & Caribbean,LCN,2013,92.1076507568359,97.5087127685547,secondary
Low income,LIC,2013,41.4511184692383,33.1779518127441,secondary
Lower middle income,LMC,2013,62.7571296691895,60.5203018188477,secondary
North America,NAC,2013,97.385498046875,97.6731033325195,secondary
South Asia,SAS,2013,68.0343475341797,68.1774368286133,secondary
Upper middle income,UMC,2013,90.8306274414062,93.5033798217773,secondary
Africa Eastern and Southern,AFE,2014,44.6735801696777,39.738208770752,secondary
Africa Western and Central,AFW,2014,46.1268005371094,38.7878112792969,secondary
Arab World,ARB,2014,67.4220428466797,63.9555587768555,secondary
Australia,AUS,2014,,,secondary
East Asia & Pacific,EAS,2014,85.8870620727539,88.063102722168,secondary
European Union,EUU,2014,108.44352722168,107.979553222656,secondary
High income,HIC,2014,104.53897857666,104.591819763184,secondary
Latin America & Caribbean,LCN,2014,92.2357330322266,97.6046905517578,secondary
Low income,LIC,2014,42.029369354248,33.6816101074219,secondary
Lower middle income,LMC,2014,64.7580413818359,62.8911285400391,secondary
North America,NAC,2014,97.6594390869141,98.7799606323242,secondary
South Asia,SAS,2014,72.7299270629883,73.1499404907227,secondary
Upper middle income,UMC,2014,90.4413909912109,93.6200866699219,secondary
Africa Eastern and Southern,AFE,2015,44.8140106201172,39.6892509460449,secondary
Africa Western and Central,AFW,2015,46.9467315673828,40.3699607849121,secondary
Arab World,ARB,2015,67.7083435058594,64.5253677368164,secondary
Australia,AUS,2015,170.071990966797,147.584396362305,secondary
East Asia & Pacific,EAS,2015,86.1397933959961,88.283332824707,secondary
European Union,EUU,2015,108.189567565918,107.710403442383,secondary
High income,HIC,2015,104.809410095215,104.697738647461,secondary
Latin America & Caribbean,LCN,2015,92.6001586914062,97.6465072631836,secondary
Low income,LIC,2015,41.6817512512207,34.0883712768555,secondary
Lower middle income,LMC,2015,65.1554870605469,63.3554496765137,secondary
North America,NAC,2015,98.3874969482422,99.368782043457,secondary
South Asia,SAS,2015,72.7067718505859,73.1828765869141,secondary
Upper middle income,UMC,2015,90.7119674682617,93.5445327758789,secondary
Africa Eastern and Southern,AFE,2016,45.0760307312012,40.2670402526855,secondary
Africa Western and Central,AFW,2016,45.4205017089844,39.0918617248535,secondary
Arab World,ARB,2016,68.0219268798828,64.8255615234375,secondary
Australia,AUS,2016,166.21826171875,144.401290893555,secondary
East Asia & Pacific,EAS,2016,85.4104537963867,87.7668609619141,secondary
European Union,EUU,2016,107.235771179199,107.008682250977,secondary
High income,HIC,2016,104.752998352051,104.505218505859,secondary
Latin America & Caribbean,LCN,2016,93.831657409668,98.4324188232422,secondary
Low income,LIC,2016,42.3660507202148,34.5961303710938,secondary
Lower middle income,LMC,2016,66.0465698242188,64.3369522094727,secondary
North America,NAC,2016,100.108619689941,99.6349105834961,secondary
South Asia,SAS,2016,74.4118423461914,74.9855804443359,secondary
Upper middle income,UMC,2016,90.3358917236328,93.4494018554688,secondary
Africa Eastern and Southern,AFE,2017,45.650218963623,40.8391418457031,secondary
Africa Western and Central,AFW,2017,45.0409698486328,39.740650177002,secondary
Arab World,ARB,2017,68.3695068359375,65.4355316162109,secondary
Australia,AUS,2017,162.138916015625,144.534530639648,secondary
East Asia & Pacific,EAS,2017,85.7120208740234,87.9111175537109,secondary
European Union,EUU,2017,107.651550292969,107.164947509766,secondary
High income,HIC,2017,105.144866943359,104.842407226562,secondary
Latin America & Caribbean,LCN,2017,94.5117568969727,98.6545333862305,secondary
Low income,LIC,2017,42.9825897216797,35.3164710998535,secondary
Lower middle income,LMC,2017,65.2932815551758,63.751091003418,secondary
North America,NAC,2017,100.282279968262,99.8584365844727,secondary
South Asia,SAS,2017,73.2217025756836,73.732780456543,secondary
Upper middle income,UMC,2017,91.0472793579102,93.6901931762695,secondary
Africa Eastern and Southern,AFE,2018,45.9612617492676,41.1385498046875,secondary
Africa Western and Central,AFW,2018,44.8823089599609,40.4764213562012,secondary
Arab World,ARB,2018,68.3659515380859,65.6868133544922,secondary
Australia,AUS,2018,139.648254394531,132.354217529297,secondary
East Asia & Pacific,EAS,2018,86.2228088378906,88.4812393188477,secondary
European Union,EUU,2018,107.713607788086,107.385391235352,secondary
High income,HIC,2018,104.956703186035,104.676200866699,secondary
Latin America & Caribbean,LCN,2018,95.4137268066406,99.8022918701172,secondary
Low income,LIC,2018,43.4518890380859,35.7923583984375,secondary
Lower middle income,LMC,2018,66.3029022216797,64.9927520751953,secondary
North America,NAC,2018,100.763641357422,99.9377136230469,secondary
South Asia,SAS,2018,74.8747100830078,75.2186279296875,secondary
Upper middle income,UMC,2018,91.6489410400391,94.4231109619141,secondary
Africa Eastern and Southern,AFE,2019,46.5883598327637,41.6500816345215,secondary
Africa Western and Central,AFW,2019,45.6785697937012,42.076530456543,secondary
Arab World,ARB,2019,68.5187377929688,66.192512512207,secondary
Australia,AUS,2019,148.244705200195,139.616836547852,secondary
East Asia & Pacific,EAS,2019,88.0189514160156,90.0556335449219,secondary
European Union,EUU,2019,107.497192382812,107.081871032715,secondary
High income,HIC,2019,105.398368835449,104.791778564453,secondary
Latin America & Caribbean,LCN,2019,95.2773132324219,100.104858398438,secondary
Low income,LIC,2019,44.0077095031738,36.247371673584,secondary
Lower middle income,LMC,2019,66.5640716552734,65.5440673828125,secondary
North America,NAC,2019,101.749588012695,100.248710632324,secondary
South Asia,SAS,2019,74.6493835449219,75.2787170410156,secondary
Upper middle income,UMC,2019,92.5366363525391,95.2726516723633,secondary
Africa Eastern and Southern,AFE,2020,47.018871307373,42.3275299072266,secondary
Africa Western and Central,AFW,2020,46.0977096557617,43.326961517334,secondary
Arab World,ARB,2020,68.3533020019531,66.1664199829102,secondary
Australia,AUS,2020,139.374725341797,135.490798950195,secondary
East Asia & Pacific,EAS,2020,89.0723266601562,90.8184967041016,secondary
European Union,EUU,2020,108.191787719727,108.042427062988,secondary
High income,HIC,2020,104.482803344727,103.970611572266,secondary
Latin America & Caribbean,LCN,2020,94.6235809326172,99.7190017700195,secondary
Low income,LIC,2020,44.4558410644531,36.8219184875488,secondary
Lower middle income,LMC,2020,68.032356262207,66.4716873168945,secondary
North America,NAC,2020,102.198707580566,100.397407531738,secondary
South Asia,SAS,2020,77.2911834716797,76.702880859375,secondary
Upper middle income,UMC,2020,93.0118179321289,95.6853103637695,secondary
Africa Eastern and Southern,AFE,2021,47.5120506286621,42.7693405151367,secondary
Africa Western and Central,AFW,2021,46.7034606933594,44.3946685791016,secondary
Arab World,ARB,2021,69.1250610351562,66.8292694091797,secondary
Australia,AUS,2021,137.574722290039,133.347183227539,secondary
East Asia & Pacific,EAS,2021,89.8716201782227,91.3720321655273,secondary
European Union,EUU,2021,107.979820251465,107.97386932373,secondary
High income,HIC,2021,104.323997497559,104.476928710938,secondary
Latin America & Caribbean,LCN,2021,94.2917098999023,100.688407897949,secondary
Low income,LIC,2021,45.080078125,37.4900817871094,secondary
Lower middle income,LMC,2021,69.7002105712891,67.2521286010742,secondary
North America,NAC,2021,101.602462768555,102.064552307129,secondary
South Asia,SAS,2021,80.428596496582,78.1247634887695,secondary
Upper middle income,UMC,2021,93.5969085693359,96.4112930297852,secondary
Africa Eastern and Southern,AFE,2022,47.6300582885742,42.9131698608398,secondary
Africa Western and Central,AFW,2022,46.3141708374023,44.9384689331055,secondary
Arab World,ARB,2022,70.4906692504883,68.3780136108398,secondary
Australia,AUS,2022,135.833282470703,130.563079833984,secondary
East Asia & Pacific,EAS,2022,90.5718765258789,92.0620269775391,secondary
European Union,EUU,2022,107.452827453613,107.83553314209,secondary
High income,HIC,2022,103.403816223145,104.096839904785,secondary
Latin America & Caribbean,LCN,2022,94.1012268066406,100.203941345215,secondary
Low income,LIC,2022,45.0550003051758,37.7314682006836,secondary
Lower middle income,LMC,2022,69.4192733764648,68.3247604370117,secondary
North America,NAC,2022,97.2686767578125,99.5094299316406,secondary
South Asia,SAS,2022,79.8859634399414,79.9995727539062,secondary
Upper middle income,UMC,2022,94.0571670532227,96.6962585449219,secondary
Africa Eastern and Southern,AFE,2023,,,secondary
Africa Western and Central,AFW,2023,46.7609710693359,46.1132011413574,secondary
Arab World,ARB,2023,69.5897369384766,67.6763610839844,secondary
Australia,AUS,2023,136.93244934082,131.09733581543,secondary
East Asia & Pacific,EAS,2023,91.3187713623047,92.7077789306641,secondary
European Union,EUU,2023,106.64909362793,107.276847839355,secondary
High income,HIC,2023,103.173667907715,103.020812988281,secondary
Latin America & Caribbean,LCN,2023,94.6747131347656,100.538856506348,secondary
Low income,LIC,2023,,,secondary
Lower middle income,LMC,2023,68.5216903686523,68.203498840332,secondary
North America,NAC,2023,98.2929763793945,97.2571105957031,secondary
South Asia,SAS,2023,77.3344192504883,78.5853118896484,secondary
Upper middle income,UMC,2023,94.6402587890625,97.1281433105469,secondary
Africa Eastern and Southern,AFE,2000,4.49486017227173,3.50468993186951,tertiary
Africa Western and Central,AFW,2000,6.15844011306763,3.72952008247375,tertiary
Arab World,ARB,2000,17.5088691711426,16.152530670166,tertiary
Australia,AUS,2000,,,tertiary
East Asia & Pacific,EAS,2000,17.8526096343994,15.1963996887207,tertiary
European Union,EUU,2000,47.2760200500488,54.6741714477539,tertiary
High income,HIC,2000,52.4662399291992,61.0324096679688,tertiary
Latin America & Caribbean,LCN,2000,21.8702697753906,25.7670402526856,tertiary
Low income,LIC,2000,5.88222980499268,3.08267998695373,tertiary
Lower middle income,LMC,2000,11.1493101119995,8.30731964111328,tertiary
North America,NAC,2000,57.8130683898926,76.4307632446289,tertiary
South Asia,SAS,2000,11.145489692688,7.15493011474609,tertiary
Upper middle income,UMC,2000,15.6081495285034,15.1106004714966,tertiary
Africa Eastern and Southern,AFE,2001,4.79491996765137,3.73327994346619,tertiary
Africa Western and Central,AFW,2001,6.78414011001587,4.06348991394043,tertiary
Arab World,ARB,2001,17.9445495605469,16.8689403533936,tertiary
Australia,AUS,2001,,,tertiary
East Asia & Pacific,EAS,2001,18.9207000732422,15.9441404342651,tertiary
European Union,EUU,2001,49.1958389282227,57.6084289550781,tertiary
High income,HIC,2001,54.6695404052734,64.6687927246094,tertiary
Latin America & Caribbean,LCN,2001,23.2590293884277,27.2950191497803,tertiary
Low income,LIC,2001,6.16816997528076,3.25638008117676,tertiary
Lower middle income,LMC,2001,11.3921499252319,8.62637996673584,tertiary
North America,NAC,2001,61.3481216430664,82.1066284179688,tertiary
South Asia,SAS,2001,11.2497797012329,7.48057985305786,tertiary
Upper middle income,UMC,2001,16.8075294494629,16.2194004058838,tertiary
Africa Eastern and Southern,AFE,2002,5.00834989547729,3.99998998641968,tertiary
Africa Western and Central,AFW,2002,7.42371988296509,4.42965984344482,tertiary
Arab World,ARB,2002,18.5274600982666,17.8973999023438,tertiary
Australia,AUS,2002,,,tertiary
East Asia & Pacific,EAS,2002,20.3110599517822,17.7628498077393,tertiary
European Union,EUU,2002,50.989688873291,60.5620918273926,tertiary
High income,HIC,2002,56.7703285217285,68.6636199951172,tertiary
Latin America & Caribbean,LCN,2002,24.8216705322266,29.3838195800781,tertiary
Low income,LIC,2002,6.35248994827271,3.47827005386352,tertiary
Lower middle income,LMC,2002,11.6843500137329,9.10881996154785,tertiary
North America,NAC,2002,64.7836685180664,87.907356262207,tertiary
South Asia,SAS,2002,11.7205495834351,7.88865995407104,tertiary
Upper middle income,UMC,2002,18.42160987854,18.2254600524902,tertiary
Africa Eastern and Southern,AFE,2003,5.40652990341187,4.21983003616333,tertiary
Africa Western and Central,AFW,2003,8.07135963439941,4.76814985275269,tertiary
Arab World,ARB,2003,18.1928901672363,18.3915195465088,tertiary
Australia,AUS,2003,,,tertiary
East Asia & Pacific,EAS,2003,22.0352191925049,19.4840202331543,tertiary
European Union,EUU,2003,52.9786109924316,63.1297988891602,tertiary
High income,HIC,2003,58.4229698181152,71.2057266235352,tertiary
Latin America & Caribbean,LCN,2003,26.1452007293701,31.1989707946777,tertiary
Low income,LIC,2003,6.61088991165161,3.54962992668152,tertiary
Lower middle income,LMC,2003,12.0127000808716,9.25961971282959,tertiary
North America,NAC,2003,65.5049896240234,90.4060592651367,tertiary
South Asia,SAS,2003,12.3424501419067,8.12996006011963,tertiary
Upper middle income,UMC,2003,20.4275398254394,20.4231300354004,tertiary
Africa Eastern and Southern,AFE,2004,5.74175977706909,4.51276016235352,tertiary
Africa Western and Central,AFW,2004,8.22708988189697,4.98808002471924,tertiary
Arab World,ARB,2004,19.4481391906738,19.3647308349609,tertiary
Australia,AUS,2004,,,tertiary
East Asia & Pacific,EAS,2004,23.3358497619629,21.2422294616699,tertiary
European Union,EUU,2004,54.5922889709473,65.5562973022461,tertiary
High income,HIC,2004,58.9989891052246,73.3120498657227,tertiary
Latin America & Caribbean,LCN,2004,27.4027900695801,32.8613395690918,tertiary
Low income,LIC,2004,7.00847005844116,3.84350991249085,tertiary
Lower middle income,LMC,2004,12.5114803314209,9.53759002685547,tertiary
North America,NAC,2004,66.2379608154297,92.8610534667969,tertiary
South Asia,SAS,2004,12.6921195983887,8.3007698059082,tertiary
Upper middle income,UMC,2004,21.931489944458,22.3906593322754,tertiary
Africa Eastern and Southern,AFE,2005,6.02826023101807,4.7675199508667,tertiary
Africa Western and Central,AFW,2005,8.71543025970459,5.32982015609741,tertiary
Arab World,ARB,2005,20.167350769043,20.6458606719971,tertiary
Australia,AUS,2005,,,tertiary
East Asia & Pacific,EAS,2005,24.4356193542481,22.5040702819824,tertiary
European Union,EUU,2005,55.8255996704102,67.5275421142578,tertiary
High income,HIC,2005,59.6900405883789,74.7682723999023,tertiary
Latin America & Caribbean,LCN,2005,28.8745594024658,34.7931289672852,tertiary
Low income,LIC,2005,7.43467998504639,4.17296981811523,tertiary
Lower middle income,LMC,2005,12.6056003570557,9.8698902130127,tertiary
North America,NAC,2005,65.5176696777344,92.936653137207,tertiary
South Asia,SAS,2005,12.2974395751953,8.50257015228271,tertiary
Upper middle income,UMC,2005,23.1726493835449,23.9569606781006,tertiary
Africa Eastern and Southern,AFE,2006,6.27903985977173,5.08440017700195,tertiary
Africa Western and Central,AFW,2006,8.77538013458252,5.376540184021,tertiary
Arab World,ARB,2006,20.3604202270508,21.5399894714356,tertiary
Australia,AUS,2006,,,tertiary
East Asia & Pacific,EAS,2006,25.1979198455811,24.130350112915,tertiary
European Union,EUU,2006,56.6660804748535,69.1958770751953,tertiary
High income,HIC,2006,60.6138687133789,76.5535430908203,tertiary
Latin America & Caribbean,LCN,2006,34.5359687805176,42.713680267334,tertiary
Low income,LIC,2006,7.79188013076782,4.56969022750854,tertiary
Lower middle income,LMC,2006,13.0732097625732,10.5613603591919,tertiary
North America,NAC,2006,67.2619400024414,95.8585510253906,tertiary
South Asia,SAS,2006,13.1710596084595,9.31194972991943,tertiary
Upper middle income,UMC,2006,25.3807697296143,27.1444206237793,tertiary
Africa Eastern and Southern,AFE,2007,6.45374011993408,5.2108302116394,tertiary
Africa Western and Central,AFW,2007,9.03394985198975,5.55767011642456,tertiary
Arab World,ARB,2007,21.4095897674561,21.7241897583008,tertiary
Australia,AUS,2007,,,tertiary
East Asia & Pacific,EAS,2007,25.5790996551514,25.4850807189941,tertiary
European Union,EUU,2007,57.0822486877441,70.1552505493164,tertiary
High income,HIC,2007,61.5570297241211,77.8798522949219,tertiary
Latin America & Caribbean,LCN,2007,32.2349395751953,40.501091003418,tertiary
Low income,LIC,2007,8.12944984436035,4.6979398727417,tertiary
Lower middle income,LMC,2007,14.4635601043701,11.3284101486206,tertiary
North America,NAC,2007,68.3096313476562,96.7256011962891,tertiary
South Asia,SAS,2007,15.1505403518677,10.4211397171021,tertiary
Upper middle income,UMC,2007,25.2591991424561,27.7204494476318,tertiary
Africa Eastern and Southern,AFE,2008,6.94767999649048,5.50124979019165,tertiary
Africa Western and Central,AFW,2008,9.34912014007568,5.72002983093262,tertiary
Arab World,ARB,2008,21.4908409118652,23.4479999542236,tertiary
Australia,AUS,2008,,,tertiary
East Asia & Pacific,EAS,2008,26.0055294036865,26.3920707702637,tertiary
European Union,EUU,2008,57.8193511962891,71.5001678466797,tertiary
High income,HIC,2008,62.2365684509277,79.0841369628906,tertiary
Latin America & Caribbean,LCN,2008,34.7485809326172,43.8180084228516,tertiary
Low income,LIC,2008,8.70666027069092,5.01383018493652,tertiary
Lower middle income,LMC,2008,15.6897897720337,12.42160987854,tertiary
North America,NAC,2008,69.3587112426758,97.4585494995117,tertiary
South Asia,SAS,2008,17.2766799926758,11.946310043335,tertiary
Upper middle income,UMC,2008,26.3036098480225,29.2768802642822,tertiary
Africa Eastern and Southern,AFE,2009,7.60516977310181,5.97102022171021,tertiary
Africa Western and Central,AFW,2009,9.41895008087158,5.89408016204834,tertiary
Arab World,ARB,2009,22.3288307189941,24.3333301544189,tertiary
Australia,AUS,2009,,,tertiary
East Asia & Pacific,EAS,2009,26.9169406890869,27.8694000244141,tertiary
European Union,EUU,2009,58.6881294250488,72.827278137207,tertiary
High income,HIC,2009,63.2168312072754,80.7175674438477,tertiary
Latin America & Caribbean,LCN,2009,35.2543792724609,45.2948799133301,tertiary
Low income,LIC,2009,9.41306972503662,5.44752979278565,tertiary
Lower middle income,LMC,2009,16.5850105285644,13.1165103912353,tertiary
North America,NAC,2009,71.4303817749023,99.9669570922852,tertiary
South Asia,SAS,2009,18.5039100646973,12.9097204208374,tertiary
Upper middle income,UMC,2009,27.3478908538818,30.8409194946289,tertiary
Africa Eastern and Southern,AFE,2010,8.27505016326904,6.4226598739624,tertiary
Africa Western and Central,AFW,2010,9.76231002807617,6.08655977249146,tertiary
Arab World,ARB,2010,23.0734996795654,25.1151504516602,tertiary
Australia,AUS,2010,,,tertiary
East Asia & Pacific,EAS,2010,28.3187103271484,29.7747993469238,tertiary
European Union,EUU,2010,59.7480087280273,74.3509674072266,tertiary
High income,HIC,2010,64.267707824707,81.7727127075195,tertiary
Latin America & Caribbean,LCN,2010,36.6310997009277,46.9485702514648,tertiary
Low income,LIC,2010,10.0286703109741,5.83350992202759,tertiary
Lower middle income,LMC,2010,17.8645000457764,14.3989200592041,tertiary
North America,NAC,2010,71.8752899169922,99.6065216064453,tertiary
South Asia,SAS,2010,20.3601303100586,14.6814298629761,tertiary
Upper middle income,UMC,2010,29.1574592590332,32.960319519043,tertiary
Africa Eastern and Southern,AFE,2011,8.75815010070801,6.66951990127563,tertiary
Africa Western and Central,AFW,2011,10.2214803695679,6.21005010604858,tertiary
Arab World,ARB,2011,22.5760993957519,24.71217918396,tertiary
Australia,AUS,2011,,,tertiary
East Asia & Pacific,EAS,2011,29.6235809326172,31.519889831543,tertiary
European Union,EUU,2011,60.2826499938965,75.0537567138672,tertiary
High income,HIC,2011,64.9787368774414,82.5568008422852,tertiary
Latin America & Caribbean,LCN,2011,37.8918304443359,48.682430267334,tertiary
Low income,LIC,2011,10.0976104736328,6.03152990341187,tertiary
Lower middle income,LMC,2011,20.3395595550537,16.7830696105957,tertiary
North America,NAC,2011,72.4552536010742,99.7432708740234,tertiary
South Asia,SAS,2011,24.5946197509766,18.8380107879639,tertiary
Upper middle income,UMC,2011,30.8178291320801,35.0666999816895,tertiary
Africa Eastern and Southern,AFE,2012,8.88735008239746,7.10451984405518,tertiary
Africa Western and Central,AFW,2012,10.6504697799683,6.53436994552612,tertiary
Arab World,ARB,2012,24.0450496673584,25.9803504943848,tertiary
Australia,AUS,2012,,,tertiary
East Asia & Pacific,EAS,2012,31.2216701507568,34.1336288452148,tertiary
European Union,EUU,2012,60.3984718322754,74.6586227416992,tertiary
High income,HIC,2012,65.8041534423828,82.7106170654297,tertiary
Latin America & Caribbean,LCN,2012,38.8389282226562,50.1114196777344,tertiary
Low income,LIC,2012,10.3989601135254,6.43501996994019,tertiary
Lower middle income,LMC,2012,20.7686405181885,18.2728290557861,tertiary
North America,NAC,2012,72.790168762207,100.043838500977,tertiary
South Asia,SAS,2012,24.912130355835,21.2051601409912,tertiary
Upper middle income,UMC,2012,32.805591583252,38.0672302246094,tertiary
Africa Eastern and Southern,AFE,2013,9.0416202545166,7.3339900970459,tertiary
Africa Western and Central,AFW,2013,11.2306900024414,6.99527978897095,tertiary
Arab World,ARB,2013,25.7630596160889,27.5376396179199,tertiary
Australia,AUS,2013,,,tertiary
East Asia & Pacific,EAS,2013,33.1487312316895,37.0369415283203,tertiary
European Union,EUU,2013,60.7058296203613,74.7333831787109,tertiary
High income,HIC,2013,66.7143783569336,83.1938323974609,tertiary
Latin America & Caribbean,LCN,2013,39.711368560791,51.3348808288574,tertiary
Low income,LIC,2013,10.5426397323608,6.49616003036499,tertiary
Lower middle income,LMC,2013,20.4584693908691,18.8188991546631,tertiary
North America,NAC,2013,73.2615127563477,100.530166625977,tertiary
South Asia,SAS,2013,23.7743797302246,21.5296096801758,tertiary
Upper middle income,UMC,2013,34.9509582519531,40.9700508117676,tertiary
Africa Eastern and Southern,AFE,2014,9.17440986633301,7.40940999984741,tertiary
Africa Western and Central,AFW,2014,11.5302801132202,7.21031999588013,tertiary
Arab World,ARB,2014,27.0713405609131,28.9061603546143,tertiary
Australia,AUS,2014,,,tertiary
East Asia & Pacific,EAS,2014,39.2321014404297,44.8091697692871,tertiary
European Union,EUU,2014,61.9837913513184,75.8124237060547,tertiary
High income,HIC,2014,67.8252334594727,83.8651504516602,tertiary
Latin America & Caribbean,LCN,2014,41.1029510498047,53.226261138916,tertiary
Low income,LIC,2014,10.961259841919,6.83050012588501,tertiary
Lower middle income,LMC,2014,21.2072505950928,20.3431491851807,tertiary
North America,NAC,2014,73.6229476928711,100.259368896484,tertiary
South Asia,SAS,2014,24.6612796783447,23.3754005432129,tertiary
Upper middle income,UMC,2014,40.676929473877,47.7412910461426,tertiary
Africa Eastern and Southern,AFE,2015,9.32995986938477,7.53871011734009,tertiary
Africa Western and Central,AFW,2015,11.4749402999878,7.38692998886108,tertiary
Arab World,ARB,2015,28.3056392669678,30.6191902160644,tertiary
Australia,AUS,2015,98.9614868164062,141.459671020508,tertiary
East Asia & Pacific,EAS,2015,41.166690826416,47.6613807678223,tertiary
European Union,EUU,2015,62.9809417724609,76.8882293701172,tertiary
High income,HIC,2015,68.3271789550781,84.5474472045898,tertiary
Latin America & Caribbean,LCN,2015,42.2983283996582,54.5983505249023,tertiary
Low income,LIC,2015,10.8476696014404,6.85010004043579,tertiary
Lower middle income,LMC,2015,22.1347599029541,21.2342700958252,tertiary
North America,NAC,2015,73.9246673583984,100.443840026855,tertiary
South Asia,SAS,2015,25.9389705657959,24.7449493408203,tertiary
Upper middle income,UMC,2015,42.9756088256836,50.6184501647949,tertiary
Africa Eastern and Southern,AFE,2016,9.42959022521973,7.71562004089355,tertiary
Africa Western and Central,AFW,2016,11.1979904174805,7.29552984237671,tertiary
Arab World,ARB,2016,28.4878406524658,31.5670204162598,tertiary
Australia,AUS,2016,99.1694107055664,141.215682983398,tertiary
East Asia & Pacific,EAS,2016,42.333179473877,49.9144515991211,tertiary
European Union,EUU,2016,63.5542793273926,77.8732681274414,tertiary
High income,HIC,2016,69.0202102661133,85.1591720581055,tertiary
Latin America & Caribbean,LCN,2016,43.971378326416,56.9438400268555,tertiary
Low income,LIC,2016,10.6171903610229,6.77902984619141,tertiary
Lower middle income,LMC,2016,22.0959892272949,21.593469619751,tertiary
North America,NAC,2016,74.3622970581055,100.247413635254,tertiary
South Asia,SAS,2016,26.0030899047852,24.9898300170898,tertiary
Upper middle income,UMC,2016,44.5774917602539,53.0246505737305,tertiary
Africa Eastern and Southern,AFE,2017,9.49413013458252,7.9309401512146,tertiary
Africa Western and Central,AFW,2017,11.3570003509522,7.38944005966187,tertiary
Arab World,ARB,2017,29.45578956604,32.0461616516113,tertiary
Australia,AUS,2017,90.9939193725586,129.974945068359,tertiary
East Asia & Pacific,EAS,2017,42.8744201660156,50.6279106140137,tertiary
European Union,EUU,2017,64.6098480224609,79.4047164916992,tertiary
High income,HIC,2017,69.0398101806641,85.4543609619141,tertiary
Latin America & Caribbean,LCN,2017,45.056568145752,58.6132698059082,tertiary
Low income,LIC,2017,10.6784696578979,6.88082981109619,tertiary
Lower middle income,LMC,2017,22.1392803192139,21.9183197021484,tertiary
North America,NAC,2017,73.4658279418945,100.083770751953,tertiary
South Asia,SAS,2017,26.2690696716309,25.8752498626709,tertiary
Upper middle income,UMC,2017,45.9554710388184,54.7457618713379,tertiary
Africa Eastern and Southern,AFE,2018,9.4838695526123,8.0177001953125,tertiary
Africa Western and Central,AFW,2018,11.4625396728516,7.66539001464844,tertiary
Arab World,ARB,2018,30.2424201965332,33.5179100036621,tertiary
Australia,AUS,2018,87.498649597168,119.994178771973,tertiary
East Asia & Pacific,EAS,2018,43.5660591125488,51.6399803161621,tertiary
European Union,EUU,2018,65.4250564575195,80.8901062011719,tertiary
High income,HIC,2018,69.2041473388672,85.9467926025391,tertiary
Latin America & Caribbean,LCN,2018,45.5169906616211,59.5662803649902,tertiary
Low income,LIC,2018,10.7624197006226,6.97270011901855,tertiary
Lower middle income,LMC,2018,22.3245792388916,22.3533992767334,tertiary
North America,NAC,2018,73.2824096679688,100.249130249023,tertiary
South Asia,SAS,2018,26.8265399932861,26.9306297302246,tertiary
Upper middle income,UMC,2018,46.8679008483887,56.4238204956055,tertiary
Africa Eastern and Southern,AFE,2019,9.3754997253418,7.97016000747681,tertiary
Africa Western and Central,AFW,2019,11.4861497879028,7.9415397644043,tertiary
Arab World,ARB,2019,30.5334701538086,33.8893508911133,tertiary
Australia,AUS,2019,92.3744812011719,128.240249633789,tertiary
East Asia & Pacific,EAS,2019,45.3829002380371,54.0149383544922,tertiary
European Union,EUU,2019,66.3162307739258,82.3010101318359,tertiary
High income,HIC,2019,69.7033081054688,87.1446228027344,tertiary
Latin America & Caribbean,LCN,2019,46.0976600646973,60.8130187988281,tertiary
Low income,LIC,2019,10.8455495834351,7.15356016159058,tertiary
Lower middle income,LMC,2019,22.810510635376,23.4094696044922,tertiary
North America,NAC,2019,72.8285293579102,100.672393798828,tertiary
South Asia,SAS,2019,27.2016696929932,28.1575508117676,tertiary
Upper middle income,UMC,2019,48.2838592529297,58.7018508911133,tertiary
Africa Eastern and Southern,AFE,2020,9.36713981628418,8.05679988861084,tertiary
Africa Western and Central,AFW,2020,11.6578903198242,8.16154003143311,tertiary
Arab World,ARB,2020,31.2983894348144,34.361141204834,tertiary
Australia,AUS,2020,91.2996826171875,130.225402832031,tertiary
East Asia & Pacific,EAS,2020,48.6606407165527,57.0703086853027,tertiary
European Union,EUU,2020,66.7063598632812,83.8961181640625,tertiary
High income,HIC,2020,69.9160690307617,88.458869934082,tertiary
Latin America & Caribbean,LCN,2020,46.7835006713867,63.2403602600098,tertiary
Low income,LIC,2020,11.0187997817993,7.3515100479126,tertiary
Lower middle income,LMC,2020,23.4399108886719,24.1593208312988,tertiary
North America,NAC,2020,71.9706726074219,101.383178710938,tertiary
South Asia,SAS,2020,27.5806503295898,28.9023704528809,tertiary
Upper middle income,UMC,2020,50.797679901123,61.7308197021484,tertiary
Africa Eastern and Southern,AFE,2021,9.30325031280518,8.02046966552734,tertiary
Africa Western and Central,AFW,2021,11.8494596481323,8.47974014282227,tertiary
Arab World,ARB,2021,31.3516902923584,34.0556983947754,tertiary
Australia,AUS,2021,91.0609893798828,135.733032226562,tertiary
East Asia & Pacific,EAS,2021,52.1009292602539,60.4939117431641,tertiary
European Union,EUU,2021,68.9009399414062,87.4528121948242,tertiary
High income,HIC,2021,70.7492218017578,90.589973449707,tertiary
Latin America & Caribbean,LCN,2021,47.6464195251465,66.2070007324219,tertiary
Low income,LIC,2021,11.0868101119995,7.44899988174438,tertiary
Lower middle income,LMC,2021,24.6958408355713,25.2334499359131,tertiary
North America,NAC,2021,68.5778121948242,100.868522644043,tertiary
South Asia,SAS,2021,29.4192600250244,30.2610607147217,tertiary
Upper middle income,UMC,2021,53.4622611999512,65.0223388671875,tertiary
Africa Eastern and Southern,AFE,2022,,,tertiary
Africa Western and Central,AFW,2022,,,tertiary
Arab World,ARB,2022,31.0107097625732,34.4974098205566,tertiary
Australia,AUS,2022,85.6454315185547,128.283416748047,tertiary
East Asia & Pacific,EAS,2022,55.4007987976074,63.6897506713867,tertiary
European Union,EUU,2022,70.031120300293,89.8954620361328,tertiary
High income,HIC,2022,70.3556976318359,90.2561264038086,tertiary
Latin America & Caribbean,LCN,2022,48.6480484008789,68.1069488525391,tertiary
Low income,LIC,2022,,,tertiary
Lower middle income,LMC,2022,25.5322895050049,25.8230209350586,tertiary
North America,NAC,2022,64.7012100219727,94.605712890625,tertiary
South Asia,SAS,2022,30.9650192260742,30.917760848999,tertiary
Upper middle income,UMC,2022,56.251781463623,67.8233032226562,tertiary
Africa Eastern and Southern,AFE,2023,,,tertiary
Africa Western and Central,AFW,2023,,,tertiary
Arab World,ARB,2023,31.8071002960205,34.7579307556152,tertiary
Australia,AUS,2023,85.6293411254883,125.171501159668,tertiary
East Asia & Pacific,EAS,2023,57.7082405090332,66.5351333618164,tertiary
European Union,EUU,2023,69.720703125,89.9082870483398,tertiary
High income,HIC,2023,71.9148712158203,91.4468688964844,tertiary
Latin America & Caribbean,LCN,2023,50.4100112915039,71.2024765014648,tertiary
Low income,LIC,2023,,,tertiary
Lower middle income,LMC,2023,26.3673000335693,27.2406406402588,tertiary
North America,NAC,2023,67.9409713745117,97.1925277709961,tertiary
South Asia,SAS,2023,32.0595092773438,32.8421783447266,tertiary
Upper middle income,UMC,2023,58.3539581298828,70.3938369750977,tertiary
